{
  "name": "ablation2_lr_0.001",
  "training_loss": 2.4830867125378457,
  "train_losses": [
    [
      10,
      2.653079795837402
    ],
    [
      20,
      2.6080806732177733
    ],
    [
      30,
      2.561172676086426
    ],
    [
      40,
      2.60546760559082
    ],
    [
      50,
      2.5504644393920897
    ],
    [
      60,
      2.5558427810668944
    ],
    [
      70,
      2.536713981628418
    ],
    [
      80,
      2.5602304458618166
    ],
    [
      90,
      2.563551902770996
    ],
    [
      100,
      2.541678047180176
    ],
    [
      110,
      2.490877151489258
    ],
    [
      120,
      2.4744356155395506
    ],
    [
      130,
      2.506325340270996
    ],
    [
      140,
      2.475459098815918
    ],
    [
      150,
      2.4889894485473634
    ],
    [
      160,
      2.4810665130615233
    ],
    [
      170,
      2.4670963287353516
    ],
    [
      180,
      2.460085868835449
    ],
    [
      190,
      2.4456872940063477
    ],
    [
      200,
      2.4690153121948244
    ],
    [
      210,
      2.4573434829711913
    ],
    [
      220,
      2.3797281265258787
    ],
    [
      230,
      2.4147159576416017
    ],
    [
      240,
      2.4073818206787108
    ],
    [
      250,
      2.4086688995361327
    ],
    [
      260,
      2.412444305419922
    ],
    [
      270,
      2.3875017166137695
    ],
    [
      280,
      2.4169231414794923
    ],
    [
      290,
      2.412741279602051
    ],
    [
      300,
      2.3888505935668944
    ]
  ],
  "eval_losses": [
    [
      200,
      2.6926865577697754
    ],
    [
      309,
      2.698192596435547
    ]
  ],
  "peak_gpu_mb": 4629.9052734375,
  "runtime_seconds": 4795.3496
}