{
  "name": "ablation1_rank_4",
  "training_loss": 2.577595559524487,
  "train_losses": [
    [
      10,
      2.6636175155639648
    ],
    [
      20,
      2.6637331008911134
    ],
    [
      30,
      2.6241405487060545
    ],
    [
      40,
      2.6605274200439455
    ],
    [
      50,
      2.600922966003418
    ],
    [
      60,
      2.5978487014770506
    ],
    [
      70,
      2.5776206970214846
    ],
    [
      80,
      2.598862075805664
    ],
    [
      90,
      2.601753997802734
    ],
    [
      100,
      2.580605697631836
    ],
    [
      110,
      2.5635759353637697
    ],
    [
      120,
      2.561710739135742
    ],
    [
      130,
      2.5927618026733397
    ],
    [
      140,
      2.5620546340942383
    ],
    [
      150,
      2.5776065826416015
    ],
    [
      160,
      2.5747007369995116
    ],
    [
      170,
      2.5568191528320314
    ],
    [
      180,
      2.5511112213134766
    ],
    [
      190,
      2.5393049240112306
    ],
    [
      200,
      2.559994697570801
    ],
    [
      210,
      2.5705055236816405
    ],
    [
      220,
      2.526570701599121
    ],
    [
      230,
      2.5648975372314453
    ],
    [
      240,
      2.5599748611450197
    ],
    [
      250,
      2.562409210205078
    ],
    [
      260,
      2.563568687438965
    ],
    [
      270,
      2.54070987701416
    ],
    [
      280,
      2.5648279190063477
    ],
    [
      290,
      2.566804122924805
    ],
    [
      300,
      2.5383636474609377
    ]
  ],
  "eval_losses": [
    [
      200,
      2.71443772315979
    ],
    [
      309,
      2.714184045791626
    ]
  ],
  "peak_gpu_mb": 3972.86083984375,
  "runtime_seconds": 3854.1851
}