{
  "name": "ablation1_rank_64",
  "training_loss": 2.518873671497728,
  "train_losses": [
    [
      10,
      2.6573095321655273
    ],
    [
      20,
      2.6262981414794924
    ],
    [
      30,
      2.5708196640014647
    ],
    [
      40,
      2.6106082916259767
    ],
    [
      50,
      2.555915641784668
    ],
    [
      60,
      2.5615930557250977
    ],
    [
      70,
      2.5426095962524413
    ],
    [
      80,
      2.5651678085327148
    ],
    [
      90,
      2.5703990936279295
    ],
    [
      100,
      2.5486236572265626
    ],
    [
      110,
      2.513292694091797
    ],
    [
      120,
      2.504599380493164
    ],
    [
      130,
      2.5362199783325194
    ],
    [
      140,
      2.505621147155762
    ],
    [
      150,
      2.52050895690918
    ],
    [
      160,
      2.5142143249511717
    ],
    [
      170,
      2.4979227066040037
    ],
    [
      180,
      2.49216251373291
    ],
    [
      190,
      2.4785280227661133
    ],
    [
      200,
      2.5008819580078123
    ],
    [
      210,
      2.501821517944336
    ],
    [
      220,
      2.44482307434082
    ],
    [
      230,
      2.4833261489868166
    ],
    [
      240,
      2.477992630004883
    ],
    [
      250,
      2.4800058364868165
    ],
    [
      260,
      2.481889343261719
    ],
    [
      270,
      2.4573060989379885
    ],
    [
      280,
      2.4847158432006835
    ],
    [
      290,
      2.483505439758301
    ],
    [
      300,
      2.45740966796875
    ]
  ],
  "eval_losses": [
    [
      200,
      2.6911652088165283
    ],
    [
      309,
      2.69028639793396
    ]
  ],
  "peak_gpu_mb": 4034.64208984375,
  "runtime_seconds": 3484.8065
}