{
  "name": "ablation2_lr_1e-05",
  "training_loss": 2.658228574833052,
  "train_losses": [
    [
      10,
      2.663966941833496
    ],
    [
      20,
      2.668745422363281
    ],
    [
      30,
      2.6458112716674806
    ],
    [
      40,
      2.698587417602539
    ],
    [
      50,
      2.656232452392578
    ],
    [
      60,
      2.6571298599243165
    ],
    [
      70,
      2.645836067199707
    ],
    [
      80,
      2.6738887786865235
    ],
    [
      90,
      2.6797122955322266
    ],
    [
      100,
      2.6595090866088866
    ],
    [
      110,
      2.652421569824219
    ],
    [
      120,
      2.6524477005004883
    ],
    [
      130,
      2.6826610565185547
    ],
    [
      140,
      2.655961036682129
    ],
    [
      150,
      2.6714593887329103
    ],
    [
      160,
      2.665751075744629
    ],
    [
      170,
      2.652296257019043
    ],
    [
      180,
      2.6451513290405275
    ],
    [
      190,
      2.634316062927246
    ],
    [
      200,
      2.6493247985839843
    ],
    [
      210,
      2.670711898803711
    ],
    [
      220,
      2.6265901565551757
    ],
    [
      230,
      2.6634309768676756
    ],
    [
      240,
      2.6570968627929688
    ],
    [
      250,
      2.6628000259399416
    ],
    [
      260,
      2.6650800704956055
    ],
    [
      270,
      2.641234588623047
    ],
    [
      280,
      2.6653463363647463
    ],
    [
      290,
      2.6668153762817384
    ],
    [
      300,
      2.6409730911254883
    ]
  ],
  "eval_losses": [
    [
      200,
      2.790616750717163
    ],
    [
      309,
      2.790440797805786
    ]
  ],
  "peak_gpu_mb": 4629.9052734375,
  "runtime_seconds": 3997.0759
}