{
  "name": "ablation1_rank_16",
  "training_loss": 2.554128622159989,
  "train_losses": [
    [
      10,
      2.6622550964355467
    ],
    [
      20,
      2.650210380554199
    ],
    [
      30,
      2.596451187133789
    ],
    [
      40,
      2.632790374755859
    ],
    [
      50,
      2.5741107940673826
    ],
    [
      60,
      2.576496124267578
    ],
    [
      70,
      2.557627487182617
    ],
    [
      80,
      2.580483627319336
    ],
    [
      90,
      2.584650230407715
    ],
    [
      100,
      2.564092445373535
    ],
    [
      110,
      2.5420989990234375
    ],
    [
      120,
      2.5386289596557616
    ],
    [
      130,
      2.5702281951904298
    ],
    [
      140,
      2.540396881103516
    ],
    [
      150,
      2.555715560913086
    ],
    [
      160,
      2.551747703552246
    ],
    [
      170,
      2.5335948944091795
    ],
    [
      180,
      2.527916145324707
    ],
    [
      190,
      2.516131591796875
    ],
    [
      200,
      2.537849998474121
    ],
    [
      210,
      2.5450933456420897
    ],
    [
      220,
      2.4971988677978514
    ],
    [
      230,
      2.5360347747802736
    ],
    [
      240,
      2.531268310546875
    ],
    [
      250,
      2.5332195281982424
    ],
    [
      260,
      2.53514404296875
    ],
    [
      270,
      2.5118711471557615
    ],
    [
      280,
      2.5373088836669924
    ],
    [
      290,
      2.537776565551758
    ],
    [
      300,
      2.5099807739257813
    ]
  ],
  "eval_losses": [
    [
      200,
      2.7029614448547363
    ],
    [
      309,
      2.7020180225372314
    ]
  ],
  "peak_gpu_mb": 3983.70458984375,
  "runtime_seconds": 5033.739
}