{
  "name": "ablation4_no_warmup_cosine",
  "training_loss": 2.552311060883852,
  "train_losses": [
    [
      10,
      2.6513555526733397
    ],
    [
      20,
      2.628041458129883
    ],
    [
      30,
      2.582367706298828
    ],
    [
      40,
      2.624372673034668
    ],
    [
      50,
      2.5692514419555663
    ],
    [
      60,
      2.573382759094238
    ],
    [
      70,
      2.555331993103027
    ],
    [
      80,
      2.579116630554199
    ],
    [
      90,
      2.5841514587402346
    ],
    [
      100,
      2.5633943557739256
    ],
    [
      110,
      2.541769599914551
    ],
    [
      120,
      2.5380491256713866
    ],
    [
      130,
      2.5690471649169924
    ],
    [
      140,
      2.539599800109863
    ],
    [
      150,
      2.55521183013916
    ],
    [
      160,
      2.5516963958740235
    ],
    [
      170,
      2.534031295776367
    ],
    [
      180,
      2.5282413482666017
    ],
    [
      190,
      2.516242790222168
    ],
    [
      200,
      2.537830352783203
    ],
    [
      210,
      2.5455320358276365
    ],
    [
      220,
      2.498695945739746
    ],
    [
      230,
      2.5378133773803713
    ],
    [
      240,
      2.5323944091796875
    ],
    [
      250,
      2.5346364974975586
    ],
    [
      260,
      2.5365509033203124
    ],
    [
      270,
      2.513818359375
    ],
    [
      280,
      2.538751220703125
    ],
    [
      290,
      2.5392572402954103
    ],
    [
      300,
      2.511210632324219
    ]
  ],
  "eval_losses": [
    [
      200,
      2.703453779220581
    ],
    [
      309,
      2.702451467514038
    ]
  ],
  "peak_gpu_mb": 4121.4853515625,
  "runtime_seconds": 4214.9459
}