{
  "name": "ablation3_modules_all_linear",
  "training_loss": 2.3793389527157287,
  "train_losses": [
    [
      10,
      2.6518592834472656
    ],
    [
      20,
      2.5966655731201174
    ],
    [
      30,
      2.535243034362793
    ],
    [
      40,
      2.5656454086303713
    ],
    [
      50,
      2.5055158615112303
    ],
    [
      60,
      2.5088369369506838
    ],
    [
      70,
      2.4855669021606444
    ],
    [
      80,
      2.505733108520508
    ],
    [
      90,
      2.507579803466797
    ],
    [
      100,
      2.4848228454589845
    ],
    [
      110,
      2.398520278930664
    ],
    [
      120,
      2.363132667541504
    ],
    [
      130,
      2.3909698486328126
    ],
    [
      140,
      2.3585275650024413
    ],
    [
      150,
      2.37144775390625
    ],
    [
      160,
      2.363286590576172
    ],
    [
      170,
      2.3492570877075196
    ],
    [
      180,
      2.3481273651123047
    ],
    [
      190,
      2.329081153869629
    ],
    [
      200,
      2.3545869827270507
    ],
    [
      210,
      2.3260995864868166
    ],
    [
      220,
      2.226797866821289
    ],
    [
      230,
      2.2551090240478517
    ],
    [
      240,
      2.2537471771240236
    ],
    [
      250,
      2.2501028060913084
    ],
    [
      260,
      2.253040313720703
    ],
    [
      270,
      2.2261571884155273
    ],
    [
      280,
      2.2607263565063476
    ],
    [
      290,
      2.2560815811157227
    ],
    [
      300,
      2.232538032531738
    ]
  ],
  "eval_losses": [
    [
      200,
      2.6645216941833496
    ],
    [
      309,
      2.681107759475708
    ]
  ],
  "peak_gpu_mb": 5142.3203125,
  "runtime_seconds": 6396.2667
}