{
  "name": "ablation2_lr_0.0001",
  "training_loss": 2.574917395138046,
  "train_losses": [
    [
      10,
      2.6633752822875976
    ],
    [
      20,
      2.66088752746582
    ],
    [
      30,
      2.6197488784790037
    ],
    [
      40,
      2.656856346130371
    ],
    [
      50,
      2.59835205078125
    ],
    [
      60,
      2.595357322692871
    ],
    [
      70,
      2.5757844924926756
    ],
    [
      80,
      2.596955108642578
    ],
    [
      90,
      2.5998281478881835
    ],
    [
      100,
      2.578398323059082
    ],
    [
      110,
      2.5611433029174804
    ],
    [
      120,
      2.55899715423584
    ],
    [
      130,
      2.589865303039551
    ],
    [
      140,
      2.5593135833740233
    ],
    [
      150,
      2.5752771377563475
    ],
    [
      160,
      2.571537971496582
    ],
    [
      170,
      2.554147148132324
    ],
    [
      180,
      2.5479496002197264
    ],
    [
      190,
      2.536197853088379
    ],
    [
      200,
      2.5571176528930666
    ],
    [
      210,
      2.567984199523926
    ],
    [
      220,
      2.523533821105957
    ],
    [
      230,
      2.5619348526000976
    ],
    [
      240,
      2.556717109680176
    ],
    [
      250,
      2.5594167709350586
    ],
    [
      260,
      2.5607458114624024
    ],
    [
      270,
      2.537890815734863
    ],
    [
      280,
      2.5623287200927733
    ],
    [
      290,
      2.5639928817749023
    ],
    [
      300,
      2.5359912872314454
    ]
  ],
  "eval_losses": [
    [
      200,
      2.712836980819702
    ],
    [
      309,
      2.7122814655303955
    ]
  ],
  "peak_gpu_mb": 4629.9052734375,
  "runtime_seconds": 5180.4106
}