{
  "name": "ablation2_lr_0.0005",
  "training_loss": 2.519695140011488,
  "train_losses": [
    [
      10,
      2.6588226318359376
    ],
    [
      20,
      2.6272478103637695
    ],
    [
      30,
      2.570034980773926
    ],
    [
      40,
      2.61024169921875
    ],
    [
      50,
      2.556240463256836
    ],
    [
      60,
      2.562055206298828
    ],
    [
      70,
      2.543404388427734
    ],
    [
      80,
      2.5659767150878907
    ],
    [
      90,
      2.5712114334106446
    ],
    [
      100,
      2.5505949020385743
    ],
    [
      110,
      2.5166131973266603
    ],
    [
      120,
      2.5080408096313476
    ],
    [
      130,
      2.539031219482422
    ],
    [
      140,
      2.5087905883789063
    ],
    [
      150,
      2.5231332778930664
    ],
    [
      160,
      2.5167484283447266
    ],
    [
      170,
      2.500160980224609
    ],
    [
      180,
      2.494552803039551
    ],
    [
      190,
      2.480796051025391
    ],
    [
      200,
      2.503686714172363
    ],
    [
      210,
      2.504013442993164
    ],
    [
      220,
      2.4443063735961914
    ],
    [
      230,
      2.4826847076416017
    ],
    [
      240,
      2.4760311126708983
    ],
    [
      250,
      2.4779184341430662
    ],
    [
      260,
      2.480421447753906
    ],
    [
      270,
      2.4568761825561523
    ],
    [
      280,
      2.4837181091308596
    ],
    [
      290,
      2.482280731201172
    ],
    [
      300,
      2.456332778930664
    ]
  ],
  "eval_losses": [
    [
      200,
      2.6932945251464844
    ],
    [
      309,
      2.693004608154297
    ]
  ],
  "peak_gpu_mb": 4629.9052734375,
  "runtime_seconds": 4856.1858
}