{
  "name": "ablation3_modules_qkvo",
  "training_loss": 2.5173477246923355,
  "train_losses": [
    [
      10,
      2.6604082107543947
    ],
    [
      20,
      2.63281364440918
    ],
    [
      30,
      2.572419548034668
    ],
    [
      40,
      2.60836124420166
    ],
    [
      50,
      2.5516889572143553
    ],
    [
      60,
      2.555981254577637
    ],
    [
      70,
      2.5349105834960937
    ],
    [
      80,
      2.557693290710449
    ],
    [
      90,
      2.5621604919433594
    ],
    [
      100,
      2.540335845947266
    ],
    [
      110,
      2.5106279373168947
    ],
    [
      120,
      2.5023962020874024
    ],
    [
      130,
      2.533619689941406
    ],
    [
      140,
      2.5031566619873047
    ],
    [
      150,
      2.517584800720215
    ],
    [
      160,
      2.5121349334716796
    ],
    [
      170,
      2.4945472717285155
    ],
    [
      180,
      2.4885297775268556
    ],
    [
      190,
      2.4759262084960936
    ],
    [
      200,
      2.4983882904052734
    ],
    [
      210,
      2.5001123428344725
    ],
    [
      220,
      2.44559383392334
    ],
    [
      230,
      2.485116958618164
    ],
    [
      240,
      2.480343818664551
    ],
    [
      250,
      2.482099914550781
    ],
    [
      260,
      2.4819658279418944
    ],
    [
      270,
      2.4585550308227537
    ],
    [
      280,
      2.4863739013671875
    ],
    [
      290,
      2.4861568450927733
    ],
    [
      300,
      2.4589105606079102
    ]
  ],
  "eval_losses": [
    [
      200,
      2.6802172660827637
    ],
    [
      309,
      2.6786820888519287
    ]
  ],
  "peak_gpu_mb": 5142.3203125,
  "runtime_seconds": 3612.8257
}