{
  "name": "ablation3_modules_qv",
  "training_loss": 2.5540063790133085,
  "train_losses": [
    [
      10,
      2.662187385559082
    ],
    [
      20,
      2.6504243850708007
    ],
    [
      30,
      2.5967798233032227
    ],
    [
      40,
      2.633036422729492
    ],
    [
      50,
      2.574426460266113
    ],
    [
      60,
      2.5766124725341797
    ],
    [
      70,
      2.5573715209960937
    ],
    [
      80,
      2.5802566528320314
    ],
    [
      90,
      2.584694480895996
    ],
    [
      100,
      2.563315773010254
    ],
    [
      110,
      2.5419063568115234
    ],
    [
      120,
      2.5385570526123047
    ],
    [
      130,
      2.5699649810791017
    ],
    [
      140,
      2.539938545227051
    ],
    [
      150,
      2.5554840087890627
    ],
    [
      160,
      2.5517751693725588
    ],
    [
      170,
      2.5338066101074217
    ],
    [
      180,
      2.5281789779663084
    ],
    [
      190,
      2.516006278991699
    ],
    [
      200,
      2.537835121154785
    ],
    [
      210,
      2.5448768615722654
    ],
    [
      220,
      2.4965211868286135
    ],
    [
      230,
      2.5357597351074217
    ],
    [
      240,
      2.5309282302856446
    ],
    [
      250,
      2.533243942260742
    ],
    [
      260,
      2.5351116180419924
    ],
    [
      270,
      2.5114458084106444
    ],
    [
      280,
      2.5365896224975586
    ],
    [
      290,
      2.5380826950073243
    ],
    [
      300,
      2.509465217590332
    ]
  ],
  "eval_losses": [
    [
      200,
      2.7024919986724854
    ],
    [
      309,
      2.701338529586792
    ]
  ],
  "peak_gpu_mb": 5142.3203125,
  "runtime_seconds": 3496.0768
}