{
  "name": "ablation4_warmup_constant",
  "training_loss": 2.544242346556827,
  "train_losses": [
    [
      10,
      2.650813674926758
    ],
    [
      20,
      2.627421760559082
    ],
    [
      30,
      2.5817102432250976
    ],
    [
      40,
      2.623794174194336
    ],
    [
      50,
      2.569123458862305
    ],
    [
      60,
      2.5731855392456056
    ],
    [
      70,
      2.5546686172485353
    ],
    [
      80,
      2.577972984313965
    ],
    [
      90,
      2.582932472229004
    ],
    [
      100,
      2.5621837615966796
    ],
    [
      110,
      2.5390928268432615
    ],
    [
      120,
      2.535007858276367
    ],
    [
      130,
      2.5662981033325196
    ],
    [
      140,
      2.5364311218261717
    ],
    [
      150,
      2.5527395248413085
    ],
    [
      160,
      2.548150062561035
    ],
    [
      170,
      2.529546928405762
    ],
    [
      180,
      2.5235897064208985
    ],
    [
      190,
      2.5107839584350584
    ],
    [
      200,
      2.5323280334472655
    ],
    [
      210,
      2.5349853515625
    ],
    [
      220,
      2.480118179321289
    ],
    [
      230,
      2.5193096160888673
    ],
    [
      240,
      2.514410400390625
    ],
    [
      250,
      2.515087890625
    ],
    [
      260,
      2.517536735534668
    ],
    [
      270,
      2.493526268005371
    ],
    [
      280,
      2.5178878784179686
    ],
    [
      290,
      2.5190235137939454
    ],
    [
      300,
      2.490644836425781
    ]
  ],
  "eval_losses": [
    [
      200,
      2.70082688331604
    ],
    [
      309,
      2.696251392364502
    ]
  ],
  "peak_gpu_mb": 4121.4853515625,
  "runtime_seconds": 3339.1096
}