{
  "name": "ablation4_warmup_cosine",
  "training_loss": 2.5541487635146454,
  "train_losses": [
    [
      10,
      2.662127685546875
    ],
    [
      20,
      2.650188446044922
    ],
    [
      30,
      2.596420669555664
    ],
    [
      40,
      2.633024787902832
    ],
    [
      50,
      2.574189376831055
    ],
    [
      60,
      2.5764774322509765
    ],
    [
      70,
      2.5575803756713866
    ],
    [
      80,
      2.5805572509765624
    ],
    [
      90,
      2.5847805023193358
    ],
    [
      100,
      2.563847541809082
    ],
    [
      110,
      2.542245101928711
    ],
    [
      120,
      2.5387086868286133
    ],
    [
      130,
      2.570407676696777
    ],
    [
      140,
      2.540247344970703
    ],
    [
      150,
      2.555764389038086
    ],
    [
      160,
      2.5519582748413088
    ],
    [
      170,
      2.533777046203613
    ],
    [
      180,
      2.52776985168457
    ],
    [
      190,
      2.516199493408203
    ],
    [
      200,
      2.5378374099731444
    ],
    [
      210,
      2.5449617385864256
    ],
    [
      220,
      2.497095489501953
    ],
    [
      230,
      2.5362213134765623
    ],
    [
      240,
      2.5311594009399414
    ],
    [
      250,
      2.533327102661133
    ],
    [
      260,
      2.535064697265625
    ],
    [
      270,
      2.5120637893676756
    ],
    [
      280,
      2.537227821350098
    ],
    [
      290,
      2.5376272201538086
    ],
    [
      300,
      2.5100841522216797
    ]
  ],
  "eval_losses": [
    [
      200,
      2.702693223953247
    ],
    [
      309,
      2.702117681503296
    ]
  ],
  "peak_gpu_mb": 4121.4853515625,
  "runtime_seconds": 6585.0407
}