{
  "name": "ablation4_no_warmup_constant",
  "training_loss": 2.544384484152192,
  "train_losses": [
    [
      10,
      2.6513883590698244
    ],
    [
      20,
      2.628097343444824
    ],
    [
      30,
      2.5822391510009766
    ],
    [
      40,
      2.6241228103637697
    ],
    [
      50,
      2.569513130187988
    ],
    [
      60,
      2.5732479095458984
    ],
    [
      70,
      2.5548933029174803
    ],
    [
      80,
      2.578449249267578
    ],
    [
      90,
      2.582906150817871
    ],
    [
      100,
      2.561966323852539
    ],
    [
      110,
      2.5392440795898437
    ],
    [
      120,
      2.5349754333496093
    ],
    [
      130,
      2.566714286804199
    ],
    [
      140,
      2.5363910675048826
    ],
    [
      150,
      2.5524408340454103
    ],
    [
      160,
      2.548220634460449
    ],
    [
      170,
      2.5300012588500977
    ],
    [
      180,
      2.5236976623535154
    ],
    [
      190,
      2.5108720779418947
    ],
    [
      200,
      2.532268524169922
    ],
    [
      210,
      2.5349302291870117
    ],
    [
      220,
      2.4802165985107423
    ],
    [
      230,
      2.519428253173828
    ],
    [
      240,
      2.5145700454711912
    ],
    [
      250,
      2.5148391723632812
    ],
    [
      260,
      2.5168537139892577
    ],
    [
      270,
      2.4936891555786134
    ],
    [
      280,
      2.51871337890625
    ],
    [
      290,
      2.518461799621582
    ],
    [
      300,
      2.490433120727539
    ]
  ],
  "eval_losses": [
    [
      200,
      2.699986696243286
    ],
    [
      309,
      2.6940243244171143
    ]
  ],
  "peak_gpu_mb": 5142.3203125,
  "runtime_seconds": 3942.1544
}